name,addr:city,addr:street,opening_hours,phone,@lat,@lon
,,,,,41.9980435,21.4200832
,,,,,41.9980432,21.4207967
,,,,,41.9975351,21.4213127
,,,,,41.9975153,21.4214598
,,,,,41.9968482,21.4214690
,,,,,41.9968568,21.4201360
,,,,,42.0017039,21.3896163
,,,,,42.0020209,21.3880022
,,,,,42.0013849,21.3878329
,,,,,42.0013648,21.3879728
,,,,,42.0010216,21.3878836
,,,,,42.0008139,21.3894249
,,,,,42.0003871,21.3932184
,,,,,41.9986357,21.3930024
,,,,,42.0008224,21.4204536
,,,,,42.0003165,21.4209354
,,,,,42.0000004,21.4203261
,,,,,42.0002128,21.4193706
,,,,,42.0005146,21.4194740
,,,,,41.9945057,21.5086105
,,,,,41.9949939,21.5072523
,,,,,41.9951600,21.5073124
,,,,,41.9955078,21.5070988
,,,,,41.9957879,21.5076836
,,,,,41.9952521,21.5090912
,,,,,42.0109187,21.4414529
,,,,,42.0061559,21.3733735
,,,,,42.0046912,21.3726577
,,,,,42.0043196,21.3740347
,,,,,42.0057843,21.3747505
,,,,,42.0075819,21.4126177
,,,,,42.0074038,21.4126094
,,,,,42.0073722,21.4131508
,,,,,42.0070079,21.4131326
,,,,,42.0069632,21.4133472
,,,,,42.0075181,21.4136305
,,,,,42.0079199,21.4135790
,,,,,42.0079454,21.4132013
,,,,,42.0075261,21.4131566
,,,,,42.0074288,21.4135849
,,,,,42.0041307,21.5019037
,,,,,42.0032525,21.5026520
,,,,,42.0031381,21.5035484
,,,,,42.0035627,21.5038036
,,,,,42.0042229,21.5039912
,,,,,42.0042398,21.5024874
,,,,,41.9913089,21.4227440
,,,,,41.9906727,21.4221587
,,,,,41.9901285,21.4232295
,,,,,41.9907647,21.4238148
,,,,,42.0002936,21.4009230
,,,,,42.0016953,21.4034966
,,,,,42.0005773,21.4033074
,,,,,42.0007807,21.4017269
,,,,,42.0018898,21.4019854
,,,,,42.0072467,21.3978302
,,,,,42.0053213,21.3975294
,,,,,42.0052752,21.3987994
,,,,,42.0071705,21.3992789
,,,,,41.9774408,21.4609414
,,,,,41.9846630,21.4597227
,,,,,41.9840586,21.4598362
,,,,,41.9841422,21.4608066
,,,,,41.9848201,21.4606796
,,,,,42.0356458,21.4260321
,,,,,42.0351093,21.4243169
,,,,,42.0347169,21.4247759
,,,,,42.0344652,21.4251460
,,,,,42.0345389,21.4256307
,,,,,42.0346314,21.4259239
,,,,,42.0348521,21.4264248
,,,,,42.0023865,21.4432916
,,,,,41.9931541,21.4028180
,,,,,41.9930662,21.4035228
,,,,,41.9925544,21.4033893
,,,,,41.9984252,21.5003054
,,,,,41.9981952,21.5000552
,,,,,41.9985909,21.4988654
,,,,,41.9994024,21.4982252
,,,,,41.9998550,21.4986207
,,,,,41.9991996,21.5005830
Бели Мурги,,,,,41.9880653,21.4158375
,,,,,41.9851647,21.4599979
,,,,,41.9840939,21.4590736
,,,,,41.9841145,21.4608514
,,,,,41.9848404,21.4607129
,,,,,41.9847801,21.4604685
,,,,,41.9846978,21.4600583
,,,,,41.9844650,21.4606048
,,,,,41.9845609,21.4600841
,,,,,42.0224022,21.4416726
,,,,,42.0223753,21.4440934
,,,,,42.0227642,21.4442994
,,,,,42.0231901,21.4444034
,,,,,42.0231417,21.4416567
,,,,,42.0117864,21.4386086
,,,,,42.0104824,21.4389458
,,,,,42.0107123,21.4374099
,,,,,42.0114330,21.4371750
,,,,,42.0305034,21.4409566
,,,,,42.0296689,21.4407524
,,,,,42.0295832,21.4412089
,,,,,42.0304428,21.4414966
ООУ „Свети Климент Охридски“ - Бутел,,,,,42.0401876,21.4453940
Музичко-балетско училиште „Илија Николовски - Луј“,,,,,41.9983639,21.4355617
Партенија Зографски,,,,,41.9825660,21.4363017
о.у. "Гоце Делчев",,,,,41.9930543,21.5817980
,,,,,42.0079392,21.3368690
,,,,,42.0182880,21.3545110
,,,,,42.0180277,21.3541398
,,,,,42.0174317,21.3548819
,,,,,42.0177298,21.3552692
,,,,,42.0002660,21.4130240
,,,,,42.0002849,21.4128971
,,,,,42.0001742,21.4129538
,,,,,42.0001947,21.4130048
,,,,,41.9952747,21.4205850
,,,,,41.9958213,21.4209035
,,,,,41.9958177,21.4205744
,,,,,41.9952783,21.4209141
,,,,,42.0007613,21.4220425
Дом за Слепи,,,,,41.9757689,21.4411963
,,,,,42.0139608,21.4341823
,,,,,42.0561359,21.3081555
,,,,,42.0559511,21.3086399
,,,,,42.0562458,21.3084361
,,,,,42.0558571,21.3083808
,,,,,41.9827352,21.4319277
,,,,,41.9830851,21.4317002
,,,,,41.9829755,21.4314910
,,,,,41.9830134,21.4314669
,,,,,41.9829356,21.4313891
,,,,,41.9826266,21.4315795
,,,,,41.9874681,21.4325075
,,,,,41.9868910,21.4316890
,,,,,41.9865726,21.4330367
,,,,,41.9863691,21.4325046
ИТ Академија Александрија,,,,,41.9967522,21.4073092
,,,,,41.9926351,21.4026666
,,,,,42.0040696,21.4077994
,,,,,42.0034897,21.4076521
,,,,,42.0618238,21.4525393
,,,,,42.0623714,21.4512733
,,,,,42.0629887,21.4513752
,,,,,42.0621902,21.4516059
,,,,,42.0620668,21.4516193
,,,,,42.0631520,21.4522496
,,,,,42.0630863,21.4516086
,,,,,42.0620389,21.4522657
,,,,,42.0631461,21.4517480
,,,,,42.0631899,21.4530650
,,,,,42.0622838,21.4512760
,,,,,42.0616346,21.4525125
,,,,,42.0615391,21.4529014
,,,,,42.0622360,21.4515683
,,,,,42.0616526,21.4525125
,,,,,42.0620508,21.4524320
,,,,,42.0630803,21.4513591
,,,,,42.0619951,21.4525527
,,,,,42.0620210,21.4517427
,,,,,42.0620389,21.4519733
,,,,,41.9918791,21.4511188
,,,,,41.9912703,21.4504574
,,,,,41.9913273,21.4520474
,,,,,41.9907318,21.4513138
,,,,,41.9876760,21.4502306
,,,,,41.9862868,21.4490558
,,,,,41.9868183,21.4509419
,,,,,41.9858057,21.4500856
,,,,,41.9892296,21.4348787
,,,,,41.9893612,21.4345863
,,,,,41.9888170,21.4353963
,,,,,41.9895400,21.4343062
,,,,,41.9889665,21.4354232
,,,,,41.9895765,21.4346212
,,,,,41.9892675,21.4350477
,,,,,41.9895985,21.4343101
,,,,,41.9889605,21.4355144
,,,,,41.9891720,21.4352315
,,,,,41.9892256,21.4350423
,,,,,41.9890522,21.4352247
,,,,,41.9891798,21.4351389
,,,,,41.9895566,21.4340794
,,,,,41.9892575,21.4344522
,,,,,41.9892974,21.4340365
,,,,,41.9888730,21.4355132
,,,,,41.9888768,21.4354151
,,,,,41.9892177,21.4351362
,,,,,41.9892795,21.4348840
,,,,,41.9901858,21.4383842
,,,,,42.0148858,21.4579145
,,,,,42.0142741,21.4590425
,,,,,42.0142498,21.4585070
,,,,,42.0145175,21.4589976
,,,,,42.0147168,21.4584325
,,,,,42.0142804,21.4588545
,,,,,42.0141457,21.4583182
,,,,,42.0143962,21.4598768
,,,,,42.0147474,21.4587800
,,,,,42.0151114,21.4597003
,,,,,42.0066051,21.4636568
,,,,,42.0067880,21.4651308
,,,,,42.0057048,21.4654576
,,,,,42.0054642,21.4640131
,,,,,41.9966339,21.3965763
,,,,,41.9965387,21.3960677
,,,,,41.9957260,21.3963524
,,,,,41.9964422,21.3954978
,,,,,41.9966628,21.3963099
,,,,,41.9963615,21.3960252
,,,,,41.9928151,21.3992906
,,,,,41.9934310,21.3983464
,,,,,41.9929267,21.3990787
,,,,,41.9931391,21.3988460
,,,,,41.9971400,21.4382647
,,,,,41.9971674,21.4396055
,,,,,41.9975896,21.4382480
,,,,,41.9976171,21.4395888
,,,,,42.0032914,21.4649996
,,,,,42.0042419,21.4668747
,,,,,42.0039648,21.4651340
,,,,,42.0031257,21.4672798
,,,,,42.0027214,21.4652169
,,,,,41.9898289,21.4403071
,,,,,41.9907615,21.4373266
,,,,,41.9899949,21.4379551
,,,,,41.9888179,21.4419673
,,,,,41.9890190,21.4393915
,,,,,41.9911518,21.4381884
,,,,,41.9903853,21.4388169
,,,,,41.9898032,21.4408944
,,,,,42.0027964,21.4752039
,,,,,42.0029524,21.4748702
,,,,,42.0028314,21.4739975
,,,,,42.0015284,21.4765672
,,,,,42.0017572,21.4739523
,,,,,42.0031756,21.4742963
,,,,,42.0017711,21.4740625
,,,,,42.0000146,21.4741266
,,,,,42.0007160,21.4769298
,,,,,42.0031637,21.4743928
,,,,,42.0001816,21.4770005
,,,,,42.0024076,21.4758174
,,,,,42.0008318,21.4740223
,,,,,42.0029025,21.4744027
,,,,,42.0031478,21.4742555
,,,,,42.0030364,21.4744456
,,,,,42.0031118,21.4742555
,,,,,41.9977129,21.4211699
,,,,,41.9977280,21.4210291
,,,,,41.9975110,21.4201056
,,,,,42.0064881,21.4113181
,,,,,42.0058397,21.4128519
,,,,,42.0063614,21.4136869
,,,,,42.0059033,21.4123715
,,,,,42.0057830,21.4136811
,,,,,42.0060929,21.4112559
,,,,,42.0106867,21.4412578
,,,,,42.0109086,21.4423111
,,,,,42.0099280,21.4418980
,,,,,42.0109624,21.4419811
,,,,,42.0104525,21.4410009
,,,,,42.0108328,21.4422816
,,,,,42.0107810,21.4419114
,,,,,42.0103605,21.4420831
,,,,,42.0102376,21.4413398
,,,,,42.0138181,21.4321642
,,,,,42.0135869,21.4323412
,,,,,42.0130800,21.4343271
,,,,,42.0133199,21.4325290
,,,,,42.0128815,21.4328294
,,,,,42.0144002,21.4373005
,,,,,42.0143741,21.4382717
,,,,,42.0134928,21.4387114
,,,,,42.0145395,21.4365095
,,,,,42.0145216,21.4371130
,,,,,42.0144698,21.4372176
,,,,,42.0133338,21.4366624
,,,,,42.0144309,21.4375020
,,,,,42.0137205,21.4386660
,,,,,42.0144281,21.4380984
,,,,,42.0145466,21.4366854
,,,,,42.0144588,21.4378891
,,,,,42.0144735,21.4376937
,,,,,42.0141967,21.4384890
,,,,,42.0192444,21.4324862
,,,,,42.0199835,21.4323977
,,,,,42.0194000,21.4347279
,,,,,42.0201091,21.4343664
,,,,,42.0216527,21.4435977
,,,,,42.0219675,21.4438900
,,,,,42.0217431,21.4437353
,,,,,42.0223421,21.4440805
,,,,,42.0223768,21.4416673
,,,,,42.0215977,21.4434617
,,,,,42.0218858,21.4438444
,,,,,42.0215558,21.4432444
,,,,,42.0216495,21.4416539
,,,,,42.0248933,21.4343369
,,,,,42.0238572,21.4358390
,,,,,42.0238183,21.4342312
,,,,,42.0237994,21.4342404
,,,,,42.0249053,21.4358658
,,,,,42.0222513,21.4350638
,,,,,42.0247977,21.4341921
,,,,,42.0223747,21.4342913
,,,,,42.0247100,21.4341653
,,,,,42.0232102,21.4366172
,,,,,42.0229924,21.4366168
,,,,,42.0223070,21.4343718
,,,,,42.0238662,21.4366114
,,,,,42.0221377,21.4366463
,,,,,42.0201870,21.4513405
,,,,,42.0206669,21.4525538
,,,,,42.0208337,21.4508707
,,,,,42.0080247,21.4445346
,,,,,42.0080188,21.4453071
,,,,,42.0090944,21.4437492
,,,,,42.0090545,21.4453827
,,,,,42.0083556,21.4443254
,,,,,42.0084108,21.4435347
,,,,,42.0051287,21.4429573
,,,,,42.0054138,21.4429566
,,,,,42.0043635,21.4428171
,,,,,42.0049177,21.4435407
,,,,,42.0046982,21.4434590
,,,,,42.0054317,21.4435904
,,,,,42.0042994,21.4434234
,,,,,42.0043253,21.4428372
,,,,,42.0113803,21.4371373
,,,,,42.0108307,21.4379582
,,,,,42.0104482,21.4381996
,,,,,42.0164562,21.4406183
,,,,,42.0204997,21.4454358
,,,,,42.0156096,21.4417987
,,,,,42.0203742,21.4472382
,,,,,42.0203762,21.4454358
,,,,,42.0160122,21.4417155
,,,,,42.0163163,21.4405140
,,,,,42.0164020,21.4405075
,,,,,42.0212842,21.4472487
,,,,,42.0204897,21.4452346
,,,,,42.0155871,21.4408784
,,,,,42.0161636,21.4403746
,,,,,42.0159125,21.4405327
,,,,,42.0165103,21.4413320
,,,,,42.0156893,21.4405006
,,,,,42.0161035,21.4413718
,,,,,42.0164813,21.4407970
,,,,,42.0212529,21.4451568
,,,,,42.0051586,21.4367053
,,,,,42.0056545,21.4363145
,,,,,42.0053599,21.4366838
,,,,,42.0048079,21.4359221
,,,,,42.0048095,21.4365747
,,,,,42.0054751,21.4363149
,,,,,42.0048338,21.4366248
,,,,,42.0049313,21.4367455
,,,,,42.0050925,21.4367571
,,,,,42.0053180,21.4359114
,,,,,42.0048912,21.4366927
,,,,,42.0055851,21.4357719
,,,,,42.0053698,21.4365470
,,,,,42.0054775,21.4365524
,,,,,41.9863888,21.4176936
,,,,,41.9869849,21.4174925
,,,,,41.9877066,21.4170446
,,,,,41.9875111,21.4174281
,,,,,41.9876588,21.4167978
,,,,,41.9869670,21.4167603
,,,,,41.9876628,21.4171519
,,,,,41.9872202,21.4167495
,,,,,41.9877139,21.4169020
,,,,,41.9867131,21.4175590
,,,,,41.9863838,21.4169024
,,,,,41.9876867,21.4167951
,,,,,41.9872575,21.4174411
,,,,,42.0296755,21.4412384
,,,,,42.0296834,21.4412666
,,,,,42.0311250,21.4468238
,,,,,42.0214576,21.4517906
,,,,,42.0211343,21.4522317
,,,,,42.0310353,21.4478533
,,,,,42.0206900,21.4527146
,,,,,42.0304309,21.4459509
,,,,,42.0316196,21.4462218
,,,,,42.0315441,21.4468686
,,,,,42.0208534,21.4525538
,,,,,42.0302237,21.4476917
,,,,,42.0309676,21.4478223
,,,,,42.0315797,21.4465344
,,,,,42.0353205,21.4249125
,,,,,41.9991600,21.4091443
,,,,,41.9983485,21.4111293
,,,,,41.9986163,21.4090193
,,,,,41.9988959,21.4112853
,,,,,41.9990228,21.4102264
,,,,,42.0000155,21.4030433
,,,,,42.0045579,21.4133969
,,,,,42.0044674,21.4141050
,,,,,42.0046552,21.4134194
,,,,,42.0039770,21.4141737
,,,,,42.0045648,21.4141275
,,,,,42.0040468,21.4119044
,,,,,42.0038173,21.4140515
,,,,,42.0049155,21.4121102
,,,,,42.0043622,21.4142904
,,,,,42.0040345,21.4140434
,,,,,42.0047221,21.4135281
,,,,,42.0038601,21.4139067
,,,,,42.0039257,21.4128173
,,,,,42.0047504,21.4133387
,,,,,42.0022795,21.4439969
,,,,,42.0022984,21.4440921
,,,,,41.9981560,21.3944807
,,,,,41.9981142,21.3941962
,,,,,41.9986185,21.3946604
,,,,,42.0016625,21.3825570
,,,,,42.0038373,21.3574601
,,,,,42.0038758,21.3567890
,,,,,42.0029877,21.3580216
,,,,,42.0023822,21.3569125
,,,,,42.0036565,21.3585475
,,,,,42.0051064,21.3650310
,,,,,42.0053990,21.3646861
,,,,,42.0033400,21.3632640
,,,,,42.0043941,21.3629168
,,,,,42.0052094,21.3625932
,,,,,41.9978792,21.4990944
,,,,,41.9982733,21.5003800
,,,,,41.9981180,21.4999648
,,,,,41.9979331,21.4999337
,,,,,41.9981402,21.5003038
,,,,,42.0020678,21.4820454
,,,,,42.0025057,21.4808465
,,,,,42.0033269,21.4826325
,,,,,42.0037373,21.4814899
,,,,,41.9313585,21.5273403
,,,,,41.9310572,21.5257739
,,,,,41.9315720,21.5258329
,,,,,41.9295068,21.5265651
,,,,,41.9302770,21.5271552
,,,,,41.9301254,21.5273028
,,,,,41.9302351,21.5251382
,,,,,41.9412043,21.5229677
,,,,,41.9402028,21.5107520
,,,,,41.9414675,21.5221982
,,,,,41.9406758,21.5208824
,,,,,41.9421425,21.5217891
,,,,,41.9409235,21.5086645
,,,,,41.9353253,21.5226494
,,,,,41.9416460,21.5232408
,,,,,41.9416790,21.5091359
,,,,,41.9354629,21.5221559
,,,,,41.9357123,21.5236821
,,,,,41.9355487,21.5221827
,,,,,41.9356365,21.5218635
,,,,,41.9352236,21.5226049
,,,,,41.9349960,21.5232395
,,,,,41.9409583,21.5112234
,,,,,41.9359358,21.5219440
,,,,,41.9404425,21.5215645
,,,,,41.9361283,21.5223858
,,,,,41.9358779,21.5222176
,,,,,41.9312528,21.5250256
,,,,,41.9309016,21.5245267
,,,,,41.9310333,21.5257337
,,,,,41.9301513,21.5249880
,,,,,41.9305624,21.5242692
,,,,,41.9309016,21.5247466
,,,,,41.9830983,21.4812067
,,,,,41.9833781,21.4791754
,,,,,41.9839404,21.4796394
,,,,,41.9836207,21.4800614
,,,,,41.9829328,21.4791280
,,,,,41.9832565,21.4794114
,,,,,41.9837091,21.4801329
,,,,,41.9822875,21.4805165
,,,,,41.9895289,21.4636641
,,,,,41.9887154,21.4651248
,,,,,41.9902766,21.4642213
,,,,,41.9893833,21.4657951
,,,,,41.9780972,21.4624672
,,,,,41.9787206,21.4611097
,,,,,41.9778817,21.4603846
,,,,,41.9796318,21.4458086
,,,,,41.9803530,21.4464070
,,,,,41.9811870,21.4446016
,,,,,41.9805251,21.4440812
,,,,,42.0076325,21.3378071
,,,,,42.0083575,21.3374154
,,,,,42.0075842,21.3359670
,,,,,42.0078533,21.3376139
,,,,,42.0076062,21.3362835
,,,,,42.0072255,21.3365007
,,,,,42.0072335,21.3378526
,,,,,42.0082200,21.3358530
,,,,,42.0074607,21.3364632
,,,,,42.0082519,21.3361990
,,,,,42.0017124,21.4432955
,,,,,42.0014095,21.4446044
,,,,,42.0013867,21.4439332
,,,,,42.0028720,21.4739908
,,,,,42.0028884,21.4740137
,,,,,42.0028876,21.4739886
,,,,,42.0549688,21.3495414
,,,,,42.0551799,21.3492785
,,,,,42.0546577,21.3484467
,,,,,42.0548808,21.3491709
,,,,,42.0543470,21.3491817
,,,,,42.0549604,21.3486077
,,,,,42.0546621,21.3493858
,,,,,42.0677811,21.3368171
,,,,,42.0541722,21.3482968
,,,,,42.0685537,21.3362887
,,,,,42.0677413,21.3363289
,,,,,42.0685557,21.3363531
,,,,,42.0542439,21.3482593
,,,,,42.0678309,21.3368546
,,,,,42.0538691,21.3488330
,,,,,42.0679062,21.3368650
,,,,,42.0679962,21.3359776
,,,,,42.0682232,21.3360339
,,,,,42.0678508,21.3359642
,,,,,42.0548812,21.3489405
,,,,,42.0551006,21.3495781
,,,,,42.0683128,21.3360097
,,,,,42.0684601,21.3361170
,,,,,42.0681057,21.3370960
,,,,,42.0543594,21.3484899
,,,,,42.0683785,21.3366401
,,,,,41.9806121,21.4392456
,,,,,41.9801778,21.4381155
,,,,,41.9794043,21.4397503
,,,,,41.9797455,21.4395823
,,,,,41.9799398,21.4382303
,,,,,41.9802760,21.4380679
,,,,,41.9802135,21.4394271
,,,,,41.9803848,21.4393561
,,,,,41.9791861,21.4386077
,,,,,42.0311564,21.3485666
,,,,,42.0316793,21.3492340
,,,,,42.0306949,21.3497834
,,,,,42.0309818,21.3489572
,,,,,42.0313995,21.3486301
,,,,,42.0305834,21.3497351
,,,,,42.0315038,21.3488124
,,,,,42.0316730,21.3498048
,,,,,42.0316034,21.3502662
,,,,,41.9834340,21.4867188
,,,,,41.9834140,21.4869970
,,,,,41.9833215,21.4868807
,,,,,41.9835265,21.4868351
,,,,,42.0014693,21.4799183
,,,,,42.0024778,21.4804789
,,,,,42.0021027,21.4783623
,,,,,42.0030818,21.4787623
,,,,,41.9793645,21.4654972
,,,,,41.9797271,21.4639449
,,,,,41.9787047,21.4632950
,,,,,41.9779837,21.4643494
,,,,,41.9297125,21.5268104
,,,,,42.0253583,21.5557131
,,,,,41.9554113,21.4835017
,,,,,41.9556925,21.4830860
,,,,,41.9560992,21.4836251
,,,,,41.9562488,21.4837512
,,,,,41.9560097,21.4842179
,,,,,41.9561154,21.4835473
,,,,,42.0022912,21.4439143
,,,,,41.9845505,21.4787585
,,,,,41.9842594,21.4794666
,,,,,41.9837570,21.4790428
,,,,,41.9840740,21.4783535
,,,,,41.9705220,21.4865223
,,,,,41.9699225,21.4879898
,,,,,41.9691484,21.4874232
,,,,,41.9699250,21.4860845
,,,,,41.9793375,21.4718162
,,,,,41.9799754,21.4704720
,,,,,41.9792003,21.4703979
,,,,,41.9788074,21.4713609
,,,,,41.9903331,21.4542763
,,,,,41.9902333,21.4544761
,,,,,41.9899985,21.4542639
,,,,,41.9900982,21.4540640
,,,,,41.9773591,21.4663462
,,,,,41.9767457,21.4672404
,,,,,41.9763309,21.4668856
,,,,,41.9768509,21.4657850
,,,,,41.9741925,21.4761658
,,,,,41.9730565,21.4758522
,,,,,41.9729838,21.4765724
,,,,,41.9737168,21.4771664
,,,,,41.9731549,21.4755474
,,,,,41.9858118,21.4458378
,,,,,41.9854928,21.4465299
,,,,,41.9850382,21.4461597
,,,,,41.9849505,21.4459612
,,,,,41.9848388,21.4458861
,,,,,41.9851220,21.4452639
,,,,,41.9784225,21.4617645
,,,,,41.9917779,21.4513050
,,,,,42.0020159,21.4443594
,,,,,41.9957751,21.3963600
,,,,,41.9785285,21.4630686
,,,,,42.0002557,21.3946870
,,,,,42.0011836,21.3949154
,,,,,42.0013783,21.3934575
,,,,,42.0001886,21.3946705
,,,,,42.0015559,21.3921536
,,,,,42.0002921,21.3944196
,,,,,42.0004888,21.3944681
,,,,,42.0004525,21.3947353
,,,,,41.9975034,21.4214600
,,,,,41.9849218,21.4371063
,,,,,41.9843926,21.4365699
,,,,,41.9853004,21.4368834
,,,,,41.9851046,21.4361721
,,,,,42.0019590,21.4431569
,,,,,42.0266057,21.3829926
,,,,,42.0257702,21.3825241
,,,,,42.0260111,21.3828143
,,,,,42.0265128,21.3835433
,,,,,42.0254278,21.3829532
,,,,,42.0268388,21.3832849
,,,,,42.0257955,21.3840430
,,,,,42.0257466,21.3838674
,,,,,42.0264078,21.3828337
,,,,,42.0257346,21.3825686
,,,,,42.0036385,21.3706572
,,,,,42.0042699,21.3703225
,,,,,42.0040226,21.3700719
,,,,,42.0039089,21.3709624
,,,,,41.9899332,21.4401144
,,,,,41.9900091,21.4405102
,,,,,42.0254203,21.5538213
,,,,,42.0254273,21.5557080
,,,,,42.0255626,21.5556193
,,,,,42.0257985,21.5552317
,,,,,42.0259060,21.5553251
,,,,,42.0260690,21.5548487
,,,,,42.0262702,21.5539754
,,,,,42.0261894,21.5543259
,,,,,42.0235325,21.5593672
,,,,,42.0234177,21.5605788
,,,,,42.0240317,21.5611147
,,,,,42.0243182,21.5600823
,,,,,42.0242233,21.5607897
,,,,,42.0241556,21.5609578
,,,,,42.0241142,21.5598810
,,,,,42.0235099,21.5596904
,,,,,42.0234899,21.5599052
,,,,,41.9991139,21.4025306
,,,,,41.9992965,21.4011384
,,,,,41.9993156,21.4028770
,,,,,41.9993535,21.4025875
,,,,,41.9995543,21.4011996
,,,,,41.9996118,21.4007611
,,,,,41.9981678,21.3937429
,,,,,41.9981679,21.3937429
,,,,,41.9983456,21.3933706
,,,,,41.9983461,21.3933694
,,,,,41.9989854,21.3947614
,,,,,41.9990424,21.3942735
,,,,,41.9990822,21.3939809
,,,,,41.9991660,21.3934057
,,,,,41.9991962,21.3931841
,,,,,42.0016661,21.3896071
,,,,,42.0018358,21.3886393
,,,,,42.0019318,21.3886628
,,,,,41.9987908,21.4112553
,,,,,42.0005636,21.3919134
,,,,,41.9990263,21.4101978
,,,,,41.9909371,21.4377144
,,,,,41.9903914,21.4376300
SH.F " 25 Maji ",,,,,42.0126768,21.5104934
ДСУ  Никола Карев,,Никола Русински,,,42.0041882,21.4011992
Едукативен центар СОНЦЕ,,,,,41.9866117,21.4670763
ASM,,,,,42.0069742,21.3831677
,,,,,41.9898811,21.5850209
,,,,,41.9899130,21.5840822
,,,,,41.9907942,21.5850692
,,,,,41.9908469,21.5847007
,,,,,41.9909377,21.5841626
,,,,,42.0090936,21.4437825
ОУ Кирил и Медодиј,,,,,42.0279527,21.5133898
,,,,,42.0016965,21.4446902
,,,,,42.0013055,21.4444185
,,,,,42.0016168,21.4435530
,,,,,42.0006387,21.4220144
,,,,,42.0006110,21.4222325
,,,,,42.0007336,21.4222607
Helen Doron Kapistec,,,,,41.9914476,21.4174048
,,,,,42.0038978,21.5039128
,,,,,42.0037295,21.5038640
,,,,,42.0036468,21.5038377
,,,,,42.0034754,21.5037596
,,,,,42.0033739,21.5037030
,,,,,42.0032489,21.5036228
,,,,,42.0105541,21.5038481
,,,,,42.0109744,21.5053131
,,,,,42.0101999,21.5056849
,,,,,42.0097549,21.5042521
,,,,,42.0109467,21.5052131
,,,,,42.0107628,21.5045759
,,,,,42.0104948,21.5038789
,,,,,42.0103612,21.5039474
,,,,,42.0025416,21.3564780
,,,,,42.0023582,21.3566818
,,,,,42.0035762,21.3567690
,,,,,42.0038728,21.3569203
,,,,,42.0035849,21.3564154
,,,,,42.0036011,21.3585064
,,,,,42.0039679,21.3630444
,,,,,42.0046593,21.3628392
,,,,,42.0264512,21.3828685
,,,,,42.0022354,21.3822426
,,,,,42.0023116,21.3823132
,,,,,42.0021308,21.3825465
,,,,,42.0013254,21.3825925
,,,,,42.0025055,21.3819357
,,,,,42.0014193,21.3813798
,,,,,42.0031965,21.4097431
,,,,,41.9958140,21.3954369
,,,,,41.9959147,21.3953798
,,,,,41.9960940,21.3954168
,,,,,41.9966635,21.3963487
,,,,,41.9966585,21.3962665
,,,,,41.9966426,21.3962288
,,,,,41.9966072,21.3961692
,,,,,41.9965821,21.3961221
,,,,,41.9965576,21.3960887
,,,,,41.9937193,21.3984272
,,,,,41.9934333,21.4005485
,,,,,41.9926686,21.4003564
,,,,,42.0002012,21.4129610
,,,,,42.0001952,21.4128131
,,,,,42.0002501,21.4128279
,,,,,42.0002416,21.4128854
,,,,,42.0046870,21.4137878
,,,,,42.0046227,21.4141010
,,,,,42.0045289,21.4144000
,,,,,42.0059963,21.4118324
,,,,,41.9991593,21.3931415
,,,,,41.9991376,21.3931227
,,,,,42.0011509,21.4033698
,,,,,42.0011420,21.4034390
,,,,,42.0047612,21.4120736
,,,,,42.0039209,21.4128323
,,,,,42.0036416,21.4137111
,,,,,41.9885195,21.4414396
,,,,,41.9886371,21.4412586
,,,,,41.9883654,21.4409454
,,,,,41.9890654,21.4393158
,,,,,41.9890906,21.4392846
,,,,,41.9891162,21.4392717
,,,,,41.9891489,21.4392679
,,,,,41.9891762,21.4392727
,,,,,41.9892148,21.4392993
,,,,,42.0049452,21.3989156
,,,,,42.0042169,21.3987719
,,,,,42.0038322,21.4016289
,,,,,42.0045384,21.4017923
,,,,,42.0042297,21.3987523
,,,,,42.0042458,21.3987436
,,,,,42.0049628,21.3989376
,,,,,42.0049744,21.3989683
,,,,,42.0049796,21.3990045
,,,,,42.0046259,21.4015812
,,,,,42.0046057,21.4016840
,,,,,42.0045874,21.4017409
,,,,,42.0045660,21.4017790
,,,,,41.9863370,21.4324201
,,,,,42.0022326,21.3818297
,,,,,42.0036761,21.4098622
,,,,,42.0032439,21.4097552
,,,,,42.0037768,21.4098878
,,,,,42.0052335,21.3987668
,,,,,42.0052163,21.3987449
,,,,,42.0051982,21.3987141
,,,,,42.0051865,21.3986803
,,,,,42.0051812,21.3986371
,,,,,42.0052554,21.3987888
,,,,,42.0051822,21.3985553
,,,,,42.0053836,21.3974018
,,,,,42.0053340,21.3974727
,,,,,42.0053604,21.3974274
,,,,,42.0054109,21.3973808
,,,,,42.0054404,21.3973713
,,,,,42.0069106,21.3992132
,,,,,42.0057327,21.3866741
,,,,,42.0054723,21.3885696
,,,,,42.0070912,21.3889724
,,,,,42.0073052,21.3870653
,,,,,42.0071087,21.3884958
,,,,,42.0071551,21.3885074
,,,,,42.0057884,21.4134485
,,,,,42.0058086,21.4131575
,,,,,41.9891878,21.4413848
,,,,,41.9893825,21.4416080
,,,,,42.0027304,21.3576901
,,,,,42.0037696,21.3579563
,,,,,42.0007005,21.4197348
,,,,,42.0005429,21.4199598
,,,,,42.0074999,21.3501856
,,,,,42.0075645,21.3515452
,,,,,42.0087061,21.3500818
,,,,,42.0087707,21.3514414
Casta Diva,,Васил Главинов,16:00-22:00,+38923220205,41.9967891,21.4283169
,,,,,42.0058341,21.4130151
,,,,,42.0058151,21.4132581
Универзитет за туризам и менаџмент,,,,,42.0022668,21.3989930
,,,,,41.9845515,21.4599942
,,,,,41.9844954,21.4600047
,,,,,41.9844851,21.4599053
,,,,,41.9843640,21.4599281
,,,,,41.9843703,21.4599893
,,,,,41.9844006,21.4599836
,,,,,41.9847208,21.4605568
,,,,,41.9847129,21.4604811
,,,,,41.9847872,21.4605378
,,,,,41.9848051,21.4605344
,,,,,41.9841274,21.4606639
,,,,,41.9842040,21.4606495
,,,,,41.9841972,21.4605837
,,,,,41.9841383,21.4605947
,,,,,41.9841170,21.4603887
,,,,,41.9841096,21.4603276
,,,,,41.9841722,21.4603158
,,,,,41.9841785,21.4603771
,,,,,41.9843435,21.4603426
,,,,,41.9843016,21.4599408
,,,,,41.9841743,21.4599649
,,,,,41.9842162,21.4603667
,,,,,41.9842452,21.4606438
,,,,,41.9843725,21.4606197
,,,,,41.9843652,21.4605498
,,,,,41.9842379,21.4605738
,,,,,41.9840055,21.4598106
,,,,,41.9873928,21.4508367
,,,,,42.0002578,21.4193752
,,,,,41.9788457,21.4712802
,,,,,41.9788002,21.4712411
,,,,,41.9792369,21.4703759
,,,,,41.9768419,21.4670369
,,,,,41.9769835,21.4671580
,,,,,41.9990026,21.4103945
,,,,,41.9985748,21.4093461
,,,,,41.9771364,21.4616583
,,,,,41.9774937,21.4608404
,,,,,41.9799884,21.4394871
,,,,,42.0240518,21.5611216
,,,,,42.0240874,21.5611205
,,,,,42.0240712,21.5611259
,,,,,42.0241009,21.5610988
,,,,,42.0012314,21.4033885
,,,,,41.9887359,21.4402271
,,,,,41.9729834,21.2375464
,,,,,41.9731965,21.2372415
,,,,,41.9732660,21.2372192
,,,,,41.9735909,21.2373371
,,,,,41.9736498,21.2373614
,,,,,41.9738886,21.2374143
,,,,,41.9738493,21.2382335
,,,,,41.9735863,21.2382448
,,,,,41.9734518,21.2383831
,,,,,41.9730408,21.2377997
,,,,,41.9730967,21.2377427
Deutsches Sprachzentrum,,Булевар Климент Охридски,,,42.0000789,21.4265771
,,,,,41.9729766,21.4765491
,,,,,41.9741733,21.4760707
,,,,,41.9741968,21.4761130
,,,,,41.9730072,21.4761119
,,,,,41.9783429,21.4435899
,,,,,41.9776590,21.4439729
,,,,,41.9779437,21.4450750
,,,,,41.9786346,21.4445706
,,,,,41.9732443,21.4753477
,,,,,41.9737376,21.4771572
,,,,,41.9736955,21.4771651
,,,,,41.9729954,21.4765946
,,,,,41.9736059,21.4756286
,,,,,41.9740139,21.4765498
,Cкoпje,Орце Николов,,,42.0045864,21.4139586
,,,,,41.9729789,21.4765094
,,,,,41.9732258,21.4753623
,,,,,41.9732612,21.4753456
,,,,,41.9732153,21.4767738
,,,,,41.9730902,21.4757477
,,,,,41.9732619,21.4768118
,,,,,41.9944287,21.4260263
,,,,,41.9944363,21.4258836
,,,,,41.9948113,21.4259091
,,,,,41.9948454,21.4265007
,,,,,41.9940878,21.4264648
,,,,,41.9941106,21.4262199
,,,,,41.9941977,21.4261944
,,,,,41.9942015,21.4260161
,,,,,41.9943113,21.4260314
,,,,,41.9943075,21.4262250
,,,,,41.9944250,21.4262148
,,,,,41.9942001,21.4260833
,,,,,42.0143532,21.4591366
,,,,,42.0143561,21.4595430
,,,,,42.0014796,21.3927197
,,,,,42.0014636,21.3928779
,,,,,41.9931735,21.4137319
,,,,,41.9930249,21.4151517
,,,,,41.9919061,21.4147727
,,,,,41.9922329,21.4134959
,,,,,42.0047170,21.4135661
,,,,,42.0047457,21.4133699
,,,,,42.0038315,21.4140034
,,,,,42.0039950,21.4122949
,,,,,42.0047835,21.4120789
,,,,,42.0048795,21.4123777
,,,,,42.0047952,21.4130054
,,,,,42.0040432,21.4119316
,,,,,42.0040362,21.4119843
,,,,,42.0036969,21.3705764
,,,,,42.0039293,21.3701982
,,,,,41.9928436,21.4278015
,,,,,41.9925849,21.4283584
,,,,,41.9923952,21.4281858
,,,,,41.9925396,21.4278943
,,,,,41.9926237,21.4279726
,,,,,41.9927487,21.4277174
,,,,,41.9926625,21.4276347
,,,,,41.9940318,21.4265463
,,,,,41.9934916,21.4265258
,,,,,41.9935106,21.4261266
,,,,,41.9938264,21.4261317
,,,,,41.9938264,21.4260294
,,,,,41.9940525,21.4260526
,,,,,42.0130014,21.4327701
,,,,,41.9785146,21.4441673
,,,,,41.9807814,21.4454795
,,,,,41.9991996,21.4018771
,,,,,42.0015535,21.3921716
,,,,,42.0015364,21.3922985
,,,,,42.0014819,21.3921357
,,,,,42.0011059,21.3920447
,,,,,42.0012260,21.3934169
ОУ Jохан Хајнрих Песталоци,,,,,41.9974458,21.4207761
ОУ Братство,,,,,42.0014174,21.3887245
ОУ Јан Амос Коменски,,,,,42.0007834,21.3940669
ОУ Коле Неделковски,,,,,42.0004114,21.4201530
ОУ Вера Јоциќ,,,,,41.9951468,21.5080950
ОУ Димо Хаџи Димов,,,,,42.0052377,21.3737040
QSI International School of Skopje,,,,,42.0074543,21.4131199
ОУ Дане Крапчев,,,,,42.0036889,21.5029474
Средно медицинско,,,,,41.9907187,21.4229867
СГГУ Здравко Цветковски,,,,,42.0012335,21.4026117
ОУ Лазар Трповски,,,,,42.0062139,21.3983250
Меѓународни Училишта НОВА (гимназија),Cкoпje,Прашка,,+389 2 3061 807,41.9986820,21.3934916
,,,,,41.9844393,21.4602646
ОУ "26 Јули",,,,,42.0350555,21.4253708
Детска градинка Пролет 2,Скопје,Милан Марковиќ,,+38923085701,41.9928542,21.4030947
ОУ Наум Наумовски Борче,,,,,41.9988671,21.4994041
,,,,,41.9845851,21.4599625
СУГС Арсениј Јовков,,,,,42.0227827,21.4430300
ОУ Адем Јашари,,,,,42.0111173,21.4380415
Ќемал Јахија,,,,,42.0300433,21.4411245
ПОУ Јахја Кемал,Cкoпje,Варшавска,,+389 2 3074168,42.0009715,21.3926854
О.У. Страшо Пинџур,,,,,42.0178598,21.3547045
Медиа Арт Студио,Cкoпje,Франклин Рузвелт,,,42.0002295,21.4129185
Средно уметничко училиште „Лазар Личеновски“,Cкoпje,Киро Крстевски Платник,,,41.9955480,21.4207442
,,,,,42.0560514,21.3083976
ОУ „Кузман Јосифовски - Питу “,Cкoпje,,,,41.9828558,21.4316583
ОУ „Кузман Јосифовски - Питу“,,,,,41.9869025,21.4323628
ОУ „Вера Циривири Трена“,Cкoпje,Руѓер Бошковиќ,,+38923068507;+38923073069,42.0036330,21.4087699
О.У „Ацо Шопов“,,,,,42.0623645,21.4521691
ОУ „Браќа Миладиновци“,,,,,41.9913054,21.4512524
ОУ „Блаже Конески“,,,,,41.9867408,21.4499988
ОУ „Димитар Миладинов“,,,,,41.9892077,21.4347754
,,,,,42.0144986,21.4586434
ОУ Глигор Прличев,Скопје,Гемиџиска,,,42.0146285,21.4588956
СУ Панче Арсовски,,,,,42.0061261,21.4645572
ОУ Владо Тасевски,,,,,41.9961947,21.3959780
Средно угостителско училиште "Лазар Танев",,,,+389 2 3085035;+389 2 3086292,41.9931939,21.3994474
ОУ Кирил и Методиј,,,,,41.9973785,21.4389267
ОУ Стив Наумов,,,,,42.0034816,21.4661397
ОУ 11-ти Октомври,,,,,41.9891872,21.4406175
СУГС „Раде Јовчевски - Корчагин“,,,,,41.9905733,21.4380717
СУГС Гимназија "Орце Николов",Cкoпje,Булевар Илинден,,+389 2 3065 555,42.0061355,21.4124713
ОУ Цветан Димов,,Коста Абрашевиќ,,,42.0104452,21.4416559
ОУ Васил Главинов,,,,,42.0134211,21.4332456
СУГС Цветан Димов,,,,,42.0139402,21.4376104
ОУ Рајко Жинзифов,,,,,42.0196767,21.4335627
ОУ Петар Здравковски Пенко,,,,,42.0219663,21.4428671
Заводот за рехабилитација на деца и младинци “Топанско поле”,,,,,42.0230019,21.4354433
СУГС Зефљуш Марку,,,,,42.0243618,21.4350155
ОУ Панајот Гиновски,,,,,42.0208223,21.4517926
ОУ Лирија,,Булевар Цветан Димов,,,42.0085566,21.4444586
ОУ Тефјуз,,,,,42.0048655,21.4432037
ОУ Иднина,,Втора Македонска Бригада,,,42.0208292,21.4462027
ОУ Никола Вапцаров,,Браќа Реџепагиќ,,,42.0160487,21.4410866
ОУ Јашар Беј Шкупи,,Прохор Пчински,,,42.0052312,21.4362644
ОУ „Кочо Рацин “,,,,,41.9870488,21.4172215
ОУ Живко Брајковски,,,,,42.0309216,21.4469020
ОУ Војдан Чернодрински,,,,,41.9987542,21.4101522
СУГС Георги Димитров,,,,,41.9997037,21.4019021
ОУ Христијан Тодоровски Карпош,,,,+389 (02) 3067-407,42.0042785,21.4131522
Центар за странски јазици,Cкoпje,,,+389 (0)2 306 77 83,42.0045613,21.4137621
Меѓународни Училишта НОВА (основно училиште),Cкoпje,Прашка,,+389 2 3061 807,41.9985982,21.3942521
ОУ Димитар Беровски,,,,,42.0031170,21.3574814
СУГС Кочо Рацин,,,,,42.0043695,21.3638121
ОУ Партение Зографски,,,,,42.0029025,21.4817394
ОУ Климент Охридски,,,,,41.9305394,21.5262392
СУГС Браќа Миладиновци,,,,,41.9355621,21.5227727
ОУ Рајко Жинзифов,,,,,41.9409409,21.5099439
ОУ Кузман Шапкарев,,,,,41.9412925,21.5220616
Средно Богословско Училиште   Св.Климент Охридски”,,,,,41.9307020,21.5250014
ОУ Лазо Ангеловски,,,,,41.9831139,21.4801673
ОУ Ѓорѓија Пулевски,,,,,41.9894960,21.4647295
С.У.Г.С. Владо Тасевски,,Булевар 3та Македонска Бригада,,,41.9779285,21.4614259
ОУ Невена Георгиева Дуња,,,,,41.9804094,21.4452441
ОУ Ѓорче Петров,,4 Јули,,,42.0077915,21.3368528
АСУЦ Боро Петрушевски,,,,,42.0015951,21.4754763
ОУ Јоаким Крчовски,,,,,42.0545245,21.3489186
ОУ Јоаким Крчовски,,,,,42.0681485,21.3365301
ОУ Борис Кидрич,,,,,41.9798991,21.4389090
ОУ Тихомир Милошевски,,,,,42.0311313,21.3494164
,,Тодор Чангов,,,41.9834240,21.4868579
СЕТУ Михајло Пупин,,,,,42.0022755,21.4794205
СУГС "Марија Кири Склодовска",,Булевар 3та Македонска Бригада,,,41.9788554,21.4642829
ОУ Рајко Жинзифов,,,,,41.9558300,21.4836519
Градинка Буба Мара,,,,,41.9841537,21.4789100
О.У. Гоце Делчев,,,,,41.9698352,21.4870371
О.У. Александар Македонски,,,,,41.9793878,21.4710960
,,,,,41.9901658,21.4542700
Градинка Весели Цветови,,Кресна,,,41.9768450,21.4665127
ООУ „Димитар Македонски“,Скопје,Ѓуро Малешевац,,+389 2 2440 011,41.9735867,21.4762560
ДСУ Димитар Влахов,,,,,41.9853253,21.4458968
Др. Златан Сремец,,,,,41.9848465,21.4366391
ОУГС Битолски Конгрес,,,,,42.0018460,21.4439235
ОУ „Аврам Писевски“,,,,,42.0261333,21.3832835
ОУ Димитар Поп Георгиев - Беровски,,,,,42.0039542,21.3705171
,,,,,42.0258142,21.5547671
ООУ Ѓорѓија Кастриот,,,,,42.0238679,21.5602465
,,,,,41.9904094,21.5845757
Интернационално Школо,,,,,42.0006861,21.4221375
ОУ Крсте Мисирков,Скопје,Сречко Пужаљка,,+389 2 322 6655,42.0103646,21.5047664
QSI International School of Skopje,,,,,42.0019154,21.3819861
СУГС Никола Карев,,,,,42.0044059,21.4002679
Петар Поп Арсов,,,,,42.0063887,21.3878232
ОУ Мирче Ацев,,,,,42.0081353,21.3508135
,,,,,41.9842589,21.4601537
,,,,,41.9843052,21.4605968
Shkolla Emin Duraku,,,,,41.9734360,21.2378011
Kiril Pejchinovik,,,,,41.9781468,21.4443324
Гимназија "Јосип Броз Тито",Cкoпje,Димитрије Чуповски,,+389 2 3214 314,41.9944666,21.4261921
ООУ  Киро Глигоров'',Cкoпje,Aдам Мицкиевиќ,,+38926142744;+38926142745,41.9925398,21.4143237
Гоце Делчев,Скопје,Градски зид,,+389 (02) 3129062,41.9926194,21.4280379
,,,,,41.9926441,21.4278036
,,,,,41.9937720,21.4262878
ОУ Глигор Прличев,,,,,42.0145635,21.4588205
ОУГС Љубен Лапе,Cкoпje,,,,41.9843491,21.4603752
